sample_id,patient_name,dob,dob_raw,sex,enrollment_site,glucose_value,glucose_unit,notes,glucose_flag,unit_suspect
S0001,A. Nguyen,1962-07-09,07/09/1962,female,Site A,75.4,mg/dL,NA,NA,FALSE
S0002,T. Patel,1974-12-16,12/16/1974,male,Site A,120,mg/dL,NA,NA,FALSE
S0003,R. Martinez,1953-11-24,11.24.53,female,Site B,84.2,mg/dL,NA,NA,FALSE
S0004,B. Smith,1975-12-18,12/18/1975,female,Site B,120,mg/dL,NA,NA,FALSE
S0005,B. Martinez,1997-12-02,1997-12-02,male,Site A,248.1,mg/dL,NA,NA,FALSE
S0006,A. Johnson,1955-12-09,1955-12-09,female,Site B,141.2,mmol/L,NA,NA,TRUE
S0007,T. Martinez,1969-09-04,1969-09-04,unknown,Site A,225,mg/dL,NA,NA,FALSE
S0008,T. Martinez,1997-06-21,21-Jun-1997,male,Site A,192.7,mg/dL,NA,NA,FALSE
S0009,A. Nguyen,2018-05-11,2018-05-11,female,Site A,221.5,mg/dL,NA,NA,FALSE
S0010,A. Martinez,1951-10-01,10/01/1951,female,Site C,215.2,mg/dL,re-draw requested,NA,FALSE
S0011,K. Garcia,1997-10-16,1997-10-16,male,Site B,99.7,mmol/L,NA,NA,TRUE
S0012,S. Kim,2008-04-21,21-Apr-2008,unknown,Site B,NA,mg/dL,re-draw requested,missing,FALSE
S0013,M. Smith,2006-08-14,08/14/2006,NA,Site A,224.7,mg/dL,NA,NA,FALSE
S0014,K. Patel,1986-07-09,1986-07-09,female,Site B,133.8,mmol/L,NA,NA,TRUE
S0015,B. Smith,1980-06-10,06/10/1980,female,Site B,150.8,mmol/L,NA,NA,TRUE
S0016,B. Smith,1998-07-01,07/01/1998,female,Site C,112.5,mmol/L,NA,NA,TRUE
S0017,T. Smith,1973-10-17,10.17.73,male,Site C,249.2,mmol/L,NA,NA,TRUE
S0018,A. Johnson,2002-05-30,05.30.02,NA,Site B,84.4,mg/dL,re-draw requested,NA,FALSE
S0019,M. Martinez,2005-07-26,07/26/2005,unknown,Site B,164.1,mg/dL,NA,NA,FALSE
S0020,S. Brown,2017-06-15,06/15/2017,male,Site B,249.3,mg/dL,NA,NA,FALSE
S0021,B. Patel,1964-02-26,02.26.64,male,Site C,187.7,mg/dL,NA,NA,FALSE
S0022,J. Nguyen,1959-08-09,1959-08-09,male,Site A,199.2,mg/dL,NA,NA,FALSE
S0023,A. Garcia,1974-10-28,10/28/1974,male,Site A,184.7,mg/dL,NA,NA,FALSE
S0024,B. Garcia,2011-12-30,2011-12-30,male,Site B,169.5,mmol/L,NA,NA,TRUE
S0025,A. Johnson,1972-05-21,05/21/1972,female,Site C,143.1,mg/dL,NA,NA,FALSE
S0026,J. Kim,2016-01-30,30-Jan-2016,unknown,Site C,202.3,mg/dL,NA,NA,FALSE
S0027,K. Patel,1991-04-19,19-Apr-1991,male,Site C,111,mg/dL,NA,NA,FALSE
S0028,S. Johnson,1985-11-09,09-Nov-1985,male,Site A,102.1,mg/dL,re-draw requested,NA,FALSE
S0029,T. Martinez,1960-05-17,05.17.60,female,Site C,148.5,mg/dL,NA,NA,FALSE
S0030,R. Garcia,1976-12-10,10-Dec-1976,unknown,Site C,123.2,mg/dL,NA,NA,FALSE
S0031,J. Martinez,1986-06-07,06/07/1986,male,Site B,211.4,mg/dL,NA,NA,FALSE
S0032,J. Garcia,2009-07-23,23-Jul-2009,female,Site C,112.3,mg/dL,NA,asterisk,FALSE
S0033,K. Martinez,1956-07-14,07.14.56,unknown,Site B,105,mmol/L,NA,NA,TRUE
S0034,B. Kim,2012-06-07,06.07.12,male,Site C,91.8,mg/dL,NA,NA,FALSE
S0035,K. Martinez,1995-04-15,04.15.95,unknown,Site C,225.1,mmol/L,NA,NA,TRUE
S0036,K. Patel,1956-12-13,13-Dec-1956,female,Site A,230.7,mg/dL,NA,NA,FALSE
S0037,B. Kim,1998-09-06,09.06.98,NA,Site C,145.6,mg/dL,NA,NA,FALSE
S0038,R. Nguyen,1987-08-05,1987-08-05,unknown,Site B,157.4,mmol/L,NA,NA,TRUE
S0039,K. Lee,1997-12-02,12/02/1997,unknown,Site C,74.9,mmol/L,NA,NA,TRUE
S0040,M. Brown,2018-04-17,04.17.18,male,Site C,145.9,mg/dL,NA,NA,FALSE
S0041,M. Garcia,2008-06-21,06/21/2008,male,Site A,221.1,mg/dL,NA,NA,FALSE
S0042,K. Nguyen,1965-01-20,01/20/1965,male,Site A,174.2,mg/dL,NA,NA,FALSE
S0043,M. Garcia,2006-04-10,2006-04-10,female,Site A,223.1,mg/dL,NA,asterisk,FALSE
S0044,R. Garcia,1980-08-12,08/12/1980,unknown,Site A,148,mg/dL,NA,NA,FALSE
S0045,S. Martinez,1998-04-13,04.13.98,unknown,Site C,176.6,mg/dL,NA,NA,FALSE
S0046,M. Brown,2009-12-12,12.12.09,NA,Site C,128.5,mmol/L,NA,NA,TRUE
S0047,S. Davis,1967-02-21,02/21/1967,female,Site B,169.9,mg/dL,NA,NA,FALSE
S0048,B. Nguyen,2012-01-24,2012-01-24,male,Site A,155.2,mg/dL,NA,NA,FALSE
S0049,S. Nguyen,1960-10-28,1960-10-28,female,Site B,241.2,mg/dL,NA,NA,FALSE
S0050,S. Garcia,1976-07-30,1976-07-30,female,Site A,197.4,mg/dL,NA,NA,FALSE
S0051,J. Brown,1951-02-06,06-Feb-1951,unknown,Site A,103.2,mg/dL,NA,NA,FALSE
S0052,K. Garcia,2011-08-02,08/02/2011,male,Site B,240.8,mg/dL,NA,NA,FALSE
S0053,M. Davis,1989-09-20,20-Sep-1989,unknown,Site B,80.8,mg/dL,NA,NA,FALSE
S0054,J. Patel,1956-09-25,1956-09-25,male,Site C,176.9,mg/dL,re-draw requested,NA,FALSE
S0055,B. Patel,2006-01-28,2006-01-28,unknown,Site A,186.6,mg/dL,NA,NA,FALSE
S0056,S. Brown,2011-10-14,14-Oct-2011,unknown,Site B,NA,mmol/L,NA,missing,TRUE
S0057,R. Martinez,1958-03-12,1958-03-12,male,Site C,217.9,mg/dL,NA,NA,FALSE
S0058,S. Lee,1989-02-08,02.08.89,female,Site B,130,mg/dL,NA,NA,FALSE
S0059,T. Davis,1957-11-25,25-Nov-1957,male,Site C,142.8,mg/dL,NA,NA,FALSE
S0060,R. Martinez,2006-02-09,02.09.06,male,Site B,93.6,mg/dL,NA,NA,FALSE
