sample_id,patient_name,dob,sex,enrollment_site,notes,redraw_requested,glucose_mg_dL,glucose_mmol_L,glucose_flag
S0001,A. Nguyen,1962-07-09,female,Site A,NA,FALSE,75.4,NA,NA
S0002,T. Patel,1974-12-16,male,Site A,NA,FALSE,120,NA,NA
S0003,R. Martinez,1953-11-24,female,Site B,NA,FALSE,84.2,NA,NA
S0004,B. Smith,1975-12-18,female,Site B,NA,FALSE,120,NA,NA
S0005,B. Martinez,1997-12-02,male,Site A,NA,FALSE,248.1,NA,NA
S0006,A. Johnson,1955-12-09,female,Site B,NA,FALSE,NA,141.2,NA
S0007,T. Martinez,1969-09-04,unknown,Site A,NA,FALSE,225,NA,NA
S0008,T. Martinez,1997-06-21,male,Site A,NA,FALSE,192.7,NA,NA
S0009,A. Nguyen,2018-05-11,female,Site A,NA,FALSE,221.5,NA,NA
S0010,A. Martinez,1951-10-01,female,Site C,re-draw requested,TRUE,215.2,NA,NA
S0011,K. Garcia,1997-10-16,male,Site B,NA,FALSE,NA,99.7,NA
S0012,S. Kim,2008-04-21,unknown,Site B,re-draw requested,TRUE,NA,NA,missing
S0013,M. Smith,2006-08-14,NA,Site A,NA,FALSE,224.7,NA,NA
S0014,K. Patel,1986-07-09,female,Site B,NA,FALSE,NA,133.8,NA
S0015,B. Smith,1980-06-10,female,Site B,NA,FALSE,NA,150.8,NA
S0016,B. Smith,1998-07-01,female,Site C,NA,FALSE,NA,112.5,NA
S0017,T. Smith,1973-10-17,male,Site C,NA,FALSE,NA,249.2,NA
S0018,A. Johnson,2002-05-30,NA,Site B,re-draw requested,TRUE,84.4,NA,NA
S0019,M. Martinez,2005-07-26,unknown,Site B,NA,FALSE,164.1,NA,NA
S0020,S. Brown,2017-06-15,male,Site B,NA,FALSE,249.3,NA,NA
S0021,B. Patel,1964-02-26,male,Site C,NA,FALSE,187.7,NA,NA
S0022,J. Nguyen,1959-08-09,male,Site A,NA,FALSE,199.2,NA,NA
S0023,A. Garcia,1974-10-28,male,Site A,NA,FALSE,184.7,NA,NA
S0024,B. Garcia,2011-12-30,male,Site B,NA,FALSE,NA,169.5,NA
S0025,A. Johnson,1972-05-21,female,Site C,NA,FALSE,143.1,NA,NA
S0026,J. Kim,2016-01-30,unknown,Site C,NA,FALSE,202.3,NA,NA
S0027,K. Patel,1991-04-19,male,Site C,NA,FALSE,111,NA,NA
S0028,S. Johnson,1985-11-09,male,Site A,re-draw requested,TRUE,102.1,NA,NA
S0029,T. Martinez,1960-05-17,female,Site C,NA,FALSE,148.5,NA,NA
S0030,R. Garcia,1976-12-10,unknown,Site C,NA,FALSE,123.2,NA,NA
S0031,J. Martinez,1986-06-07,male,Site B,NA,FALSE,211.4,NA,NA
S0032,J. Garcia,2009-07-23,female,Site C,NA,FALSE,112.3,NA,asterisk
S0033,K. Martinez,1956-07-14,unknown,Site B,NA,FALSE,NA,105,NA
S0034,B. Kim,2012-06-07,male,Site C,NA,FALSE,91.8,NA,NA
S0035,K. Martinez,1995-04-15,unknown,Site C,NA,FALSE,NA,225.1,NA
S0036,K. Patel,1956-12-13,female,Site A,NA,FALSE,230.7,NA,NA
S0037,B. Kim,1998-09-06,NA,Site C,NA,FALSE,145.6,NA,NA
S0038,R. Nguyen,1987-08-05,unknown,Site B,NA,FALSE,NA,157.4,NA
S0039,K. Lee,1997-12-02,unknown,Site C,NA,FALSE,NA,74.9,NA
S0040,M. Brown,2018-04-17,male,Site C,NA,FALSE,145.9,NA,NA
S0041,M. Garcia,2008-06-21,male,Site A,NA,FALSE,221.1,NA,NA
S0042,K. Nguyen,1965-01-20,male,Site A,NA,FALSE,174.2,NA,NA
S0043,M. Garcia,2006-04-10,female,Site A,NA,FALSE,223.1,NA,asterisk
S0044,R. Garcia,1980-08-12,unknown,Site A,NA,FALSE,148,NA,NA
S0045,S. Martinez,1998-04-13,unknown,Site C,NA,FALSE,176.6,NA,NA
S0046,M. Brown,2009-12-12,NA,Site C,NA,FALSE,NA,128.5,NA
S0047,S. Davis,1967-02-21,female,Site B,NA,FALSE,169.9,NA,NA
S0048,B. Nguyen,2012-01-24,male,Site A,NA,FALSE,155.2,NA,NA
S0049,S. Nguyen,1960-10-28,female,Site B,NA,FALSE,241.2,NA,NA
S0050,S. Garcia,1976-07-30,female,Site A,NA,FALSE,197.4,NA,NA
S0051,J. Brown,1951-02-06,unknown,Site A,NA,FALSE,103.2,NA,NA
S0052,K. Garcia,2011-08-02,male,Site B,NA,FALSE,240.8,NA,NA
S0053,M. Davis,1989-09-20,unknown,Site B,NA,FALSE,80.8,NA,NA
S0054,J. Patel,1956-09-25,male,Site C,re-draw requested,TRUE,176.9,NA,NA
S0055,B. Patel,2006-01-28,unknown,Site A,NA,FALSE,186.6,NA,NA
S0056,S. Brown,2011-10-14,unknown,Site B,NA,FALSE,NA,NA,missing
S0057,R. Martinez,1958-03-12,male,Site C,NA,FALSE,217.9,NA,NA
S0058,S. Lee,1989-02-08,female,Site B,NA,FALSE,130,NA,NA
S0059,T. Davis,1957-11-25,male,Site C,NA,FALSE,142.8,NA,NA
S0060,R. Martinez,2006-02-09,male,Site B,NA,FALSE,93.6,NA,NA
