sample_id,column,flag
S0001,dob,"""07/09/1962"" read as MM/DD/YYYY; day<=12 so DD/MM/YYYY also parseable"
S0003,sample_id,"normalized from ""s-0003"""
S0003,dob,"""11.24.53"" read as MM.DD.YY; 2-digit year expanded to 1953"
S0006,glucose_unit,"labelled mmol/L but value 141.2 is not physiologically possible in mmol/L; treated as mislabelled mg/dL, value left unchanged"
S0008,sample_id,"normalized from ""s-0008"""
S0010,dob,"""10/01/1951"" read as MM/DD/YYYY; day<=12 so DD/MM/YYYY also parseable"
S0011,sample_id,"normalized from ""s-0011"""
S0011,glucose_unit,"labelled mmol/L but value 99.7 is not physiologically possible in mmol/L; treated as mislabelled mg/dL, value left unchanged"
S0012,glucose_value,"recorded as ""N/A"" -> NA"
S0013,sex,"blank/unrecognized """" -> NA"
S0014,glucose_unit,"labelled mmol/L but value 133.8 is not physiologically possible in mmol/L; treated as mislabelled mg/dL, value left unchanged"
S0015,dob,"""06/10/1980"" read as MM/DD/YYYY; day<=12 so DD/MM/YYYY also parseable"
S0015,glucose_unit,"labelled mmol/L but value 150.8 is not physiologically possible in mmol/L; treated as mislabelled mg/dL, value left unchanged"
S0016,sample_id,"normalized from ""s-0016"""
S0016,dob,"""07/01/1998"" read as MM/DD/YYYY; day<=12 so DD/MM/YYYY also parseable"
S0016,glucose_unit,"labelled mmol/L but value 112.5 is not physiologically possible in mmol/L; treated as mislabelled mg/dL, value left unchanged"
S0017,sample_id,"normalized from ""s-0017"""
S0017,dob,"""10.17.73"" read as MM.DD.YY; 2-digit year expanded to 1973"
S0017,glucose_unit,"labelled mmol/L but value 249.2 is not physiologically possible in mmol/L; treated as mislabelled mg/dL, value left unchanged"
S0018,dob,"""05.30.02"" read as MM.DD.YY; 2-digit year expanded to 2002"
S0018,sex,"blank/unrecognized """" -> NA"
S0021,dob,"""02.26.64"" read as MM.DD.YY; 2-digit year expanded to 1964"
S0024,glucose_unit,"labelled mmol/L but value 169.5 is not physiologically possible in mmol/L; treated as mislabelled mg/dL, value left unchanged"
S0026,patient_name,"case-normalized from ""J. KIM"""
S0028,sample_id,"normalized from ""s-0028"""
S0029,dob,"""05.17.60"" read as MM.DD.YY; 2-digit year expanded to 1960"
S0031,dob,"""06/07/1986"" read as MM/DD/YYYY; day<=12 so DD/MM/YYYY also parseable"
S0032,glucose_value,"trailing asterisk stripped (original ""112.3*""); meaning unknown"
S0033,dob,"""07.14.56"" read as MM.DD.YY; 2-digit year expanded to 1956"
S0033,glucose_unit,"labelled mmol/L but value 105.0 is not physiologically possible in mmol/L; treated as mislabelled mg/dL, value left unchanged"
S0034,sample_id,"normalized from ""s-0034"""
S0034,dob,"""06.07.12"" read as MM.DD.YY; 2-digit year expanded to 2012; month/day order also ambiguous"
S0035,dob,"""04.15.95"" read as MM.DD.YY; 2-digit year expanded to 1995"
S0035,glucose_unit,"labelled mmol/L but value 225.1 is not physiologically possible in mmol/L; treated as mislabelled mg/dL, value left unchanged"
S0037,dob,"""09.06.98"" read as MM.DD.YY; 2-digit year expanded to 1998; month/day order also ambiguous"
S0037,sex,"blank/unrecognized """" -> NA"
S0038,sample_id,"normalized from ""s-0038"""
S0038,glucose_unit,"labelled mmol/L but value 157.4 is not physiologically possible in mmol/L; treated as mislabelled mg/dL, value left unchanged"
S0039,dob,"""12/02/1997"" read as MM/DD/YYYY; day<=12 so DD/MM/YYYY also parseable"
S0039,glucose_unit,"labelled mmol/L but value 74.9 is not physiologically possible in mmol/L; treated as mislabelled mg/dL, value left unchanged"
S0040,dob,"""04.17.18"" read as MM.DD.YY; 2-digit year expanded to 2018"
S0043,glucose_value,"trailing asterisk stripped (original ""223.1*""); meaning unknown"
S0044,dob,"""08/12/1980"" read as MM/DD/YYYY; day<=12 so DD/MM/YYYY also parseable"
S0045,dob,"""04.13.98"" read as MM.DD.YY; 2-digit year expanded to 1998"
S0046,dob,"""12.12.09"" read as MM.DD.YY; 2-digit year expanded to 2009; month/day order also ambiguous"
S0046,sex,"blank/unrecognized """" -> NA"
S0046,glucose_unit,"labelled mmol/L but value 128.5 is not physiologically possible in mmol/L; treated as mislabelled mg/dL, value left unchanged"
S0047,patient_name,"case-normalized from ""S. DAVIS"""
S0052,sample_id,"normalized from ""s-0052"""
S0052,dob,"""08/02/2011"" read as MM/DD/YYYY; day<=12 so DD/MM/YYYY also parseable"
S0056,glucose_value,"recorded as ""N/A"" -> NA"
S0056,glucose_unit,labelled mmol/L but no value to check against -> NA
S0058,dob,"""02.08.89"" read as MM.DD.YY; 2-digit year expanded to 1989; month/day order also ambiguous"
S0059,patient_name,"case-normalized from ""T. DAVIS"""
S0060,dob,"""02.09.06"" read as MM.DD.YY; 2-digit year expanded to 2006; month/day order also ambiguous"
